"FiberNumber=""PS-212983-1"""								
"OperatorName=""Иванов Иван Иванович"""								
DateTimeMeasurement=2021-12-13 16-28-51-2023								
X_MM	Fi	Diameter	UpPointY_PX	DownPointY_PX			Dср	157,626721
0	0	158,831	753	799				
1	0	158,724	753	799				
2	0	159,344	753	799			dсрз	158,277
3	0	159,13	754	799				
4	0	157,518	754	799			0,412543612	
5	0	155,883	754	799				
6	0	158,509	754	800				
0	1	159,094	752	798				
1	1	157,733	753	798				
2	1	156,193	753	798				
3	1	159,213	753	799				
4	1	159,142	753	799				
5	1	158,796	753	799				
6	1	158,7	753	799				
0	2	159,154	751	797				
1	2	157,184	752	797				
2	2	156,229	752	797				
3	2	159,476	752	798				
4	2	159,118	752	798				
5	2	158,76	752	798				
6	2	158,676	752	798				
0	3	159,106	752	798				
1	3	158,784	752	798				
2	3	158,258	753	798				
3	3	157,124	753	798				
4	3	158,27	753	799				
5	3	158,784	753	799				
6	3	158,7	753	799				
0	4	159,166	752	798				
1	4	157,387	753	798				
2	4	156,253	753	798				
3	4	159,094	753	799				
4	4	159,106	753	799				
5	4	158,748	753	799				
6	4	158,7	753	799				
0	5	157,208	753	799				
1	5	158,557	753	799				
2	5	159,416	753	799				
3	5	159,75	753	799				
4	5	158,855	753	799				
5	5	158,748	753	799				
6	5	156,336	754	799				
0	6	159,046	753	799				
1	6	158,76	753	799				
2	6	159,321	753	799				
3	6	159,166	753	799				
4	6	156,169	754	799				
5	6	156,945	754	800				
6	6	158,724	754	800				
0	7	159,237	753	799				
1	7	157,625	753	799				
2	7	156,444	754	800				
3	7	158,748	754	800				
4	7	159,046	754	800				
5	7	158,76	754	800				
6	7	158,7	754	800				
0	8	159,082	754	800				
1	8	158,772	754	800				
2	8	159,368	754	800				
3	8	159,703	754	800				
4	8	157,172	755	800				
5	8	155,668	755	800				
6	8	157,709	755	801				
0	9	159,345	754	800				
1	9	156,599	754	800				
2	9	156,802	755	801				
3	9	159,75	755	801				
4	9	158,951	755	801				
5	9	158,784	755	801				
6	9	158,7	755	801				
0	10	158,628	755	800				
1	10	157,697	754	800				
2	10	159,464	755	801				
3	10	159,846	755	801				
4	10	158,867	755	801				
5	10	158,772	755	801				
6	10	158,652	755	801				
0	11	158,461	756	801				
1	11	157,864	755	802				
2	11	159,5	756	802				
3	11	159,941	756	802				
4	11	158,891	756	802				
5	11	158,784	756	802				
6	11	158,7	756	802				
0	12	159,142	756	802				
1	12	158,795	756	802				
2	12	159,344	756	803				
3	12	159,726	756	802				
4	12	156,587	756	802				
5	12	155,763	757	802				
6	12	157,637	757	803				
0	13	159,213	756	802				
1	13	158,843	756	802				
2	13	159,309	756	803				
3	13	158,103	757	802				
4	13	155,918	757	802				
5	13	157,327	757	803				
6	13	158,748	757	803				
0	14	159,392	756	802				
1	14	156,993	756	802				
2	14	156,957	757	803				
3	14	159,679	757	803				
4	14	158,891	757	803				
5	14	158,796	757	803				
6	14	158,712	757	803				
0	15	159,345	757	803				
1	15	157,84	757	803				
2	15	156,837	758	804				
3	15	157,828	758	804				
4	15	158,592	758	804				
5	15	158,807	758	804				
6	15	158,736	758	804				
0	16	159,154	758	804				
1	16	158,819	757	804				
2	16	159,38	758	805				
3	16	159,726	758	804				
4	16	158,39	758	804				
5	16	155,99	759	804				
6	16	155,369	759	804				
0	17	159,309	758	804				
1	17	157,924	758	804				
2	17	156,861	759	805				
3	17	157,327	759	804				
4	17	158,318	759	805				
5	17	158,819	759	805				
6	17	158,748	759	805				
0	18	159,118	759	805				
1	18	158,807	758	805				
2	18	159,38	759	806				
3	18	159,714	759	805				
4	18	158,616	759	805				
5	18	157,434	760	805				
6	18	155,441	760	805				
0	19	159,297	759	805				
1	19	158,115	759	805				
2	19	156,814	760	806				
3	19	157,231	760	805				
4	19	157,554	760	806				
5	19	158,807	760	806				
6	19	158,748	760	806				
0	20	159,046	760	806				
1	20	158,795	759	806				
2	20	159,452	760	807				
3	20	159,691	760	806				
4	20	158,736	760	806				
5	20	158,879	760	806				
6	20	158,581	760	806				
0	21	157,613	761	806				
1	21	156,503	760	806				
2	21	156,694	761	808				
3	21	158,043	761	807				
4	21	158,76	761	807				
5	21	158,879	761	807				
6	21	158,712	761	807				
0	22	157,626	762	808				
1	22	158,246	761	808				
2	22	159,356	762	809				
3	22	159,607	762	808				
4	22	158,724	762	808				
5	22	158,903	762	808				
6	22	158,7	762	808				
0	23	158,497	762	808				
1	23	158,688	761	808				
2	23	159,356	762	809				
3	23	159,595	762	808				
4	23	158,7	762	808				
5	23	158,891	762	808				
6	23	158,7	762	808				
0	24	159,118	763	809				
1	24	158,784	762	809				
2	24	159,285	763	810				
3	24	159,547	763	809				
4	24	158,7	763	809				
5	24	158,772	763	809				
6	24	156,539	763	809				
0	25	159,106	763	809				
1	25	158,819	762	809				
2	25	159,225	763	810				
3	25	159,488	763	809				
4	25	158,7	763	809				
5	25	158,891	763	809				
6	25	158,294	763	809				
0	26	159,106	763	809				
1	26	158,795	763	809				
2	26	158,879	764	810				
3	26	157,649	764	809				
4	26	155,668	764	809				
5	26	155,751	764	809				
6	26	155,548	764	809				
0	27	156,133	764	809				
1	27	155,716	763	809				
2	27	156,432	764	810				
3	27	157,112	764	810				
4	27	157,243	764	810				
5	27	158,772	764	810				
6	27	158,724	764	810				
0	28	159,082	764	810				
1	28	158,831	763	810				
2	28	159,166	764	811				
3	28	159,428	764	810				
4	28	158,7	764	810				
5	28	159,022	764	810				
6	28	157,996	764	810				
0	29	159,07	765	811				
1	29	158,831	764	811				
2	29	159,142	765	812				
3	29	159,416	765	811				
4	29	158,7	765	811				
5	29	159,022	765	811				
6	29	158,652	765	811				
0	30	159,034	765	811				
1	30	158,772	765	811				
2	30	159,07	765	812				
3	30	159,297	765	811				
4	30	158,652	765	811				
5	30	156,933	766	811				
6	30	155,608	766	811				
0	31	155,835	766	811				
1	31	155,536	765	811				
2	31	156,432	766	812				
3	31	156,992	766	811				
4	31	155,513	766	811				
5	31	158,557	766	812				
6	31	158,736	766	812				
0	32	159,046	766	812				
1	32	158,807	766	812				
2	32	159,01	766	812				
3	32	159,464	766	812				
4	32	158,7	766	812				
5	32	159,046	766	812				
6	32	158,509	766	812				
0	33	156,492	767	813				
1	33	157,076	767	812				
2	33	158,282	767	813				
3	33	159,034	767	812				
4	33	158,604	767	813				
5	33	159,046	767	813				
6	33	158,736	767	813				
0	34	158,939	767	813				
1	34	158,748	767	813				
2	34	158,975	767	813				
3	34	159,392	767	813				
4	34	158,7	767	813				
5	34	159,106	767	813				
6	34	158,067	767	813				
0	35	158,879	768	814				
1	35	158,736	768	814				
2	35	158,927	768	814				
3	35	159,392	768	814				
4	35	158,7	768	814				
5	35	159,13	768	814				
6	35	158,664	768	814				
0	36	158,891	767	813				
1	36	158,688	767	813				
2	36	158,891	767	813				
3	36	158,39	768	813				
4	36	155,954	768	813				
5	36	156,014	768	813				
6	36	155,596	768	813				
0	37	155,68	769	814				
1	37	155,441	769	814				
2	37	156,193	769	815				
3	37	156,957	769	814				
4	37	155,25	769	814				
5	37	156,193	769	814				
6	37	156,169	769	814				
0	38	157,721	769	815				
1	38	158,163	769	815				
2	38	158,807	769	815				
3	38	159,333	769	815				
4	38	158,7	769	815				
5	38	159,118	769	815				
6	38	158,772	769	815				
0	39	155,847	770	815				
1	39	156,002	770	816				
2	39	156,647	770	816				
3	39	156,897	770	815				
4	39	155,369	770	815				
5	39	157,721	770	816				
6	39	158,616	770	816				
0	40	158,831	770	816				
1	40	158,7	770	816				
2	40	158,891	770	816				
3	40	159,225	770	816				
4	40	158,652	770	816				
5	40	157,327	771	816				
6	40	155,811	771	816				
0	41	155,668	771	816				
1	41	155,489	771	816				
2	41	156,157	771	816				
3	41	157,005	771	816				
4	41	155,25	771	816				
5	41	156,074	771	816				
6	41	155,584	771	816				
0	42	158,796	771	817				
1	42	158,7	771	817				
2	42	158,903	771	817				
3	42	159,249	771	817				
4	42	158,473	771	817				
5	42	156,993	772	817				
6	42	155,835	772	817				
0	43	155,763	772	817				
1	43	155,417	772	817				
2	43	156,121	772	817				
3	43	156,551	772	817				
4	43	155,274	772	817				
5	43	156,277	772	817				
6	43	155,871	772	817				
0	44	158,748	772	818				
1	44	158,7	772	818				
2	44	158,879	772	818				
3	44	159,225	772	818				
4	44	158,7	772	818				
5	44	159,237	772	818				
6	44	158,437	772	818				
0	45	155,513	773	818				
1	45	155,477	773	818				
2	45	156,133	773	818				
3	45	156,933	773	818				
4	45	155,322	773	818				
5	45	156,157	773	818				
6	45	155,644	773	818				
0	46	155,393	774	819				
1	46	155,453	774	819				
2	46	156,038	774	819				
3	46	156,778	774	819				
4	46	155,286	774	819				
5	46	156,145	774	819				
6	46	155,68	774	819				
0	47	155,346	774	819				
1	47	155,405	774	819				
2	47	155,978	774	819				
3	47	156,802	774	819				
4	47	155,322	774	819				
5	47	156,193	774	819				
6	47	155,704	774	819				
0	48	158,7	774	820				
1	48	158,604	774	820				
2	48	158,975	774	820				
3	48	159,177	774	820				
4	48	158,7	774	820				
5	48	159,285	774	820				
6	48	158,796	774	820				
0	49	157,912	775	820				
1	49	156,993	775	820				
2	49	157,16	774	820				
3	49	157,697	774	820				
4	49	156,157	775	820				
5	49	156,324	775	820				
6	49	155,847	775	820				
0	50	158,7	775	821				
1	50	158,7	775	821				
2	50	158,927	775	821				
3	50	159,333	775	821				
4	50	158,7	775	821				
5	50	159,321	775	821				
6	50	158,784	775	821				
0	51	158,64	775	821				
1	51	158,342	775	821				
2	51	158,807	775	821				
3	51	158,569	775	820				
4	51	157,339	775	820				
5	51	158,772	775	821				
6	51	158,652	775	821				
0	52	155,262	776	821				
1	52	155,346	776	821				
2	52	155,787	776	821				
3	52	156,659	776	821				
4	52	155,477	776	821				
5	52	156,312	776	821				
6	52	155,799	776	821				
0	53	158,7	776	822				
1	53	158,7	776	822				
2	53	158,939	776	822				
3	53	159,536	776	822				
4	53	158,7	776	822				
5	53	159,261	776	822				
6	53	158,784	776	822				
0	54	155,25	777	822				
1	54	155,357	777	822				
2	54	155,727	777	822				
3	54	156,706	777	822				
4	54	155,596	777	822				
5	54	156,324	777	822				
6	54	155,751	777	822				
0	55	158,7	777	823				
1	55	158,724	777	823				
2	55	158,963	777	823				
3	55	159,619	777	823				
4	55	158,712	777	823				
5	55	159,273	777	823				
6	55	158,819	777	823				
0	56	155,25	778	823				
1	56	155,322	778	823				
2	56	155,656	778	823				
3	56	156,802	778	823				
4	56	155,453	778	823				
5	56	156,396	778	823				
6	56	155,668	778	823				
0	57	155,25	778	823				
1	57	155,393	778	823				
2	57	155,704	778	823				
3	57	156,933	778	823				
4	57	155,429	778	823				
5	57	156,515	778	823				
6	57	155,656	778	823				
0	58	155,262	778	823				
1	58	155,441	778	823				
2	58	155,716	778	823				
3	58	156,981	778	823				
4	58	155,477	778	823				
5	58	156,492	778	823				
6	58	155,668	778	823				
0	59	155,25	779	824				
1	59	155,322	779	824				
2	59	155,811	779	824				
3	59	156,981	779	824				
4	59	155,787	779	824				
5	59	156,42	779	824				
6	59	155,93	779	824				
0	60	158,593	779	825				
1	60	158,378	779	825				
2	60	158,772	779	825				
3	60	158,963	779	825				
4	60	157,375	779	824				
5	60	158,115	779	824				
6	60	157,972	779	825				
0	61	158,664	779	825				
1	61	158,736	779	825				
2	61	158,963	779	825				
3	61	159,583	779	825				
4	61	158,437	779	825				
5	61	158,867	779	825				
6	61	158,688	779	825				
0	62	155,25	780	825				
1	62	155,322	780	825				
2	62	155,68	780	825				
3	62	156,802	780	825				
4	62	155,656	780	825				
5	62	156,3	780	825				
6	62	155,751	780	825				
0	63	155,25	780	825				
1	63	155,345	780	825				
2	63	155,644	780	825				
3	63	156,766	780	825				
4	63	155,537	780	825				
5	63	156,277	780	825				
6	63	155,716	780	825				
0	64	158,688	780	826				
1	64	158,748	780	826				
2	64	158,963	780	826				
3	64	159,44	780	826				
4	64	158,533	780	826				
5	64	158,39	780	826				
6	64	158,509	780	826				
0	65	155,25	781	826				
1	65	155,334	781	826				
2	65	155,787	781	826				
3	65	156,754	781	826				
4	65	155,656	781	826				
5	65	156,145	781	826				
6	65	155,859	781	826				
0	66	155,25	781	826				
1	66	155,322	781	826				
2	66	155,895	781	826				
3	66	156,826	781	826				
4	66	155,907	781	826				
5	66	156,205	781	826				
6	66	156,014	781	826				
0	67	155,25	782	827				
1	67	155,357	782	827				
2	67	155,656	782	827				
3	67	156,503	782	827				
4	67	155,477	782	827				
5	67	156,133	782	827				
6	67	155,692	782	827				
0	68	155,274	782	827				
1	68	155,393	782	827				
2	68	155,668	782	827				
3	68	156,491	782	827				
4	68	155,417	782	827				
5	68	156,169	782	827				
6	68	155,632	782	827				
0	69	158,485	782	828				
1	69	158,712	782	828				
2	69	158,915	782	828				
3	69	159,369	782	828				
4	69	158,724	782	828				
5	69	158,891	782	828				
6	69	158,64	782	828				
0	70	158,7	782	828				
1	70	158,748	782	828				
2	70	158,927	782	828				
3	70	159,249	782	828				
4	70	158,461	782	827				
5	70	157,291	782	827				
6	70	157,029	782	828				
0	71	155,274	783	828				
1	71	155,381	783	828				
2	71	155,644	783	828				
3	71	156,277	783	828				
4	71	155,369	783	828				
5	71	155,954	783	828				
6	71	155,513	783	828				
0	72	158,652	783	829				
1	72	157,482	783	828				
2	72	155,907	783	828				
3	72	156,372	783	829				
4	72	155,644	783	828				
5	72	156,062	783	828				
6	72	155,704	783	828				
0	73	155,68	784	829				
1	73	156,109	783	829				
2	73	157,984	783	829				
3	73	159,178	783	829				
4	73	158,748	783	829				
5	73	158,855	783	829				
6	73	158,688	783	829				
0	74	155,262	784	829				
1	74	155,31	784	829				
2	74	155,716	784	829				
3	74	156,109	784	829				
4	74	155,393	784	829				
5	74	155,775	784	829				
6	74	155,525	784	829				
0	75	156,79	784	829				
1	75	155,501	784	829				
2	75	155,62	784	829				
3	75	156,05	784	829				
4	75	155,417	784	829				
5	75	155,68	784	829				
6	75	155,525	784	829				
0	76	157,554	784	830				
1	76	158,151	784	830				
2	76	158,843	784	830				
3	76	158,927	784	830				
4	76	157,757	784	829				
5	76	156,539	784	829				
6	76	156,778	784	830				
0	77	155,25	785	830				
1	77	155,31	785	830				
2	77	155,56	785	830				
3	77	155,907	785	830				
4	77	155,381	785	830				
5	77	155,656	785	830				
6	77	155,441	785	830				
0	78	155,262	785	830				
1	78	155,381	785	830				
2	78	155,548	785	830				
3	78	155,823	785	830				
4	78	155,357	785	830				
5	78	155,548	785	830				
6	78	155,381	785	830				
0	79	158,545	785	831				
1	79	158,736	785	831				
2	79	158,736	785	831				
3	79	156,861	785	830				
4	79	155,68	785	830				
5	79	155,632	785	830				
6	79	155,716	785	830				
0	80	155,25	786	831				
1	80	155,405	786	831				
2	80	155,525	786	831				
3	80	155,716	786	831				
4	80	155,381	786	831				
5	80	155,381	786	831				
6	80	155,346	786	831				
0	81	158,7	786	832				
1	81	158,676	786	832				
2	81	157,243	786	831				
3	81	155,704	786	831				
4	81	155,453	786	831				
5	81	155,465	786	831				
6	81	155,525	786	831				
0	82	155,322	787	832				
1	82	156,861	786	832				
2	82	158,581	786	832				
3	82	158,664	786	832				
4	82	157,924	786	832				
5	82	156,229	786	831				
6	82	156,85	786	831				
0	83	155,25	787	832				
1	83	155,322	787	832				
2	83	156,098	786	832				
3	83	158,127	786	832				
4	83	158,688	786	832				
5	83	158,437	786	832				
6	83	158,664	786	832				
0	84	155,25	787	832				
1	84	155,357	787	832				
2	84	155,405	787	832				
3	84	155,477	787	832				
4	84	155,31	787	832				
5	84	155,286	787	832				
6	84	155,381	786	832				
0	85	155,322	787	832				
1	85	155,441	787	832				
2	85	155,369	787	832				
3	85	155,381	787	832				
4	85	155,286	787	832				
5	85	155,25	787	832				
6	85	155,334	787	832				
0	86	158,7	787	833				
1	86	157,828	787	833				
2	86	155,716	787	832				
3	86	155,322	787	832				
4	86	155,381	787	832				
5	86	155,286	787	832				
6	86	155,381	787	832				
0	87	158,7	787	833				
1	87	158,7	787	833				
2	87	157,578	787	832				
3	87	155,357	787	832				
4	87	155,393	787	832				
5	87	155,334	787	832				
6	87	155,453	787	832				
0	88	155,25	788	833				
1	88	155,322	788	833				
2	88	155,346	788	833				
3	88	155,513	788	833				
4	88	155,465	788	833				
5	88	155,596	787	833				
6	88	156,706	787	833				
0	89	155,25	788	833				
1	89	155,322	788	833				
2	89	155,334	788	833				
3	89	155,513	788	833				
4	89	155,68	788	833				
5	89	156,42	787	833				
6	89	158,187	787	833				
0	90	157,315	788	833				
1	90	155,501	788	833				
2	90	155,346	788	833				
3	90	155,298	788	833				
4	90	155,286	788	833				
5	90	155,334	788	833				
6	90	155,357	788	833				
0	91	155,668	788	833				
1	91	155,393	788	833				
2	91	155,334	788	833				
3	91	155,357	788	833				
4	91	155,31	788	833				
5	91	155,357	788	833				
6	91	155,369	788	833				
0	92	158,7	788	834				
1	92	158,139	788	833				
2	92	155,692	788	833				
3	92	155,298	788	833				
4	92	155,286	788	833				
5	92	155,381	788	833				
6	92	155,334	788	833				
0	93	158,7	788	834				
1	93	158,604	788	833				
2	93	156,945	788	833				
3	93	155,345	788	833				
4	93	155,286	788	833				
5	93	155,405	788	833				
6	93	155,345	788	833				
0	94	158,378	788	834				
1	94	158,748	788	834				
2	94	158,724	788	834				
3	94	157,554	788	833				
4	94	155,465	788	833				
5	94	155,465	788	833				
6	94	155,501	788	833				
0	95	155,25	789	834				
1	95	155,381	789	834				
2	95	157,148	788	834				
3	95	158,318	788	834				
4	95	158,664	788	834				
5	95	158,581	788	834				
6	95	157,864	788	833				
0	96	155,25	789	834				
1	96	155,357	789	834				
2	96	155,346	789	834				
3	96	155,465	788	834				
4	96	156,205	788	834				
5	96	158,593	788	834				
6	96	158,676	788	834				
0	97	155,262	789	834				
1	97	155,393	789	834				
2	97	155,357	789	834				
3	97	155,381	788	834				
4	97	155,429	789	834				
5	97	155,811	789	834				
6	97	158,008	788	834				
0	98	156,42	789	834				
1	98	155,453	789	834				
2	98	155,346	789	834				
3	98	155,346	788	834				
4	98	155,334	789	834				
5	98	155,489	789	834				
6	98	156,241	789	834				
0	99	158,199	789	834				
1	99	155,572	789	834				
2	99	155,346	789	834				
3	99	155,357	788	834				
4	99	155,31	789	834				
5	99	155,548	789	834				
6	99	155,763	789	834				
0	100	158,7	789	835				
1	100	156,36	789	834				
2	100	155,322	789	834				
3	100	155,357	789	834				
4	100	155,322	789	834				
5	100	155,548	789	834				
6	100	155,704	789	834				
0	101	158,7	789	835				
1	101	157,148	789	834				
2	101	155,357	789	834				
3	101	155,393	789	834				
4	101	155,334	789	834				
5	101	155,56	789	834				
6	101	155,739	789	834				
0	102	158,7	789	835				
1	102	158,7	789	835				
2	102	157,984	789	834				
3	102	155,656	789	834				
4	102	155,393	789	834				
5	102	155,632	789	834				
6	102	155,728	789	834				
0	103	158,7	789	835				
1	103	158,7	789	835				
2	103	158,425	789	834				
3	103	155,775	789	834				
4	103	155,429	789	834				
5	103	155,68	789	834				
6	103	155,739	789	834				
0	104	158,533	789	835				
1	104	158,7	789	835				
2	104	158,64	789	835				
3	104	157,53	789	834				
4	104	155,608	789	834				
5	104	155,763	789	834				
6	104	155,799	789	834				
0	105	158,7	789	835				
1	105	158,7	789	835				
2	105	158,688	789	835				
3	105	156,682	789	834				
4	105	155,477	789	834				
5	105	155,716	789	834				
6	105	155,847	789	834				
0	106	157,375	789	835				
1	106	158,712	789	835				
2	106	158,593	789	835				
3	106	158,413	789	834				
4	106	156,026	789	834				
5	106	155,787	789	834				
6	106	155,907	789	834				
0	107	155,345	789	835				
1	107	157,208	790	835				
2	107	158,234	789	835				
3	107	158,784	789	835				
4	107	157,936	789	834				
5	107	155,942	789	834				
6	107	156,074	789	834				
0	108	158,366	789	835				
1	108	158,676	790	835				
2	108	158,712	789	835				
3	108	157,721	789	834				
4	108	155,536	789	834				
5	108	155,859	789	834				
6	108	155,942	789	834				
0	109	158,7	789	835				
1	109	158,7	789	835				
2	109	158,163	789	834				
3	109	155,847	789	834				
4	109	155,393	789	834				
5	109	155,883	789	834				
6	109	156,121	789	834				
0	110	158,7	789	835				
1	110	158,616	789	834				
2	110	155,954	789	834				
3	110	155,572	789	834				
4	110	155,393	789	834				
5	110	155,99	789	834				
6	110	157,494	788	834				
0	111	157,219	789	834				
1	111	155,405	789	834				
2	111	155,322	789	834				
3	111	155,584	789	834				
4	111	157,864	788	834				
5	111	159,046	788	834				
6	111	158,915	788	834				
0	112	157,458	789	834				
1	112	155,441	789	834				
2	112	155,369	789	834				
3	112	155,584	788	834				
4	112	157,888	788	834				
5	112	159,07	788	834				
6	112	158,939	788	834				
0	113	155,262	789	834				
1	113	155,489	789	834				
2	113	157,781	788	834				
3	113	158,807	788	834				
4	113	158,748	788	834				
5	113	158,987	788	834				
6	113	157,518	788	833				
0	114	155,298	789	834				
1	114	155,572	789	834				
2	114	157,829	788	834				
3	114	158,819	788	834				
4	114	158,748	788	834				
5	114	158,927	788	834				
6	114	157,255	788	833				
0	115	155,548	789	834				
1	115	157,888	788	834				
2	115	158,724	788	834				
3	115	158,831	788	834				
4	115	158,175	788	834				
5	115	156,014	788	833				
6	115	156,11	788	833				
0	116	155,393	789	834				
1	116	157,315	788	834				
2	116	158,712	788	834				
3	116	158,843	788	834				
4	116	158,39	788	833				
5	116	156,157	788	833				
6	116	156,098	788	833				
0	117	158,676	788	834				
1	117	158,688	788	834				
2	117	158,688	788	834				
3	117	156,575	788	833				
4	117	155,345	788	833				
5	117	156,193	788	833				
6	117	157,315	787	833				
0	118	158,7	788	834				
1	118	158,031	788	833				
2	118	155,346	788	833				
3	118	155,728	788	833				
4	118	155,751	787	833				
5	118	159,07	787	833				
6	118	158,987	787	833				
0	119	157,506	788	833				
1	119	155,704	787	833				
2	119	156,217	787	833				
3	119	158,21	787	833				
4	119	158,724	787	833				
5	119	159,237	787	833				
6	119	158,616	787	833				
0	120	155,525	788	833				
1	120	157,996	787	833				
2	120	158,7	787	833				
3	120	158,843	787	833				
4	120	158,437	787	832				
5	120	156,121	787	834				
6	120	156,145	787	832				
0	121	158,557	787	833				
1	121	158,724	787	833				
2	121	158,7	787	833				
3	121	158,342	787	832				
4	121	155,334	787	832				
5	121	156,241	787	834				
6	121	157,637	786	832				
0	122	158,7	787	833				
1	122	156,897	787	832				
2	122	155,393	787	832				
3	122	155,751	787	832				
4	122	158,27	786	832				
5	122	159,237	786	833				
6	122	158,903	786	832				
0	123	156,611	787	832				
1	123	156,336	786	832				
2	123	158,616	786	832				
3	123	158,927	786	832				
4	123	158,7	786	832				
5	123	159,094	786	833				
6	123	156,862	786	831				
0	124	157,398	787	832				
1	124	155,99	787	832				
2	124	158,306	786	832				
3	124	158,939	786	832				
4	124	158,7	786	832				
5	124	159,213	786	833				
6	124	157,244	786	831				
0	125	158,7	786	832				
1	125	158,724	786	832				
2	125	158,652	786	832				
3	125	156,682	786	831				
4	125	155,369	786	831				
5	125	157,59	785	832				
6	125	158,939	785	831				
0	126	158,7	786	832				
1	126	158,628	786	831				
2	126	155,644	786	831				
3	126	155,763	786	831				
4	126	157,112	785	831				
5	126	159,225	785	832				
6	126	158,903	785	831				
0	127	158,688	785	831				
1	127	158,724	785	831				
2	127	158,7	785	831				
3	127	158,939	785	831				
4	127	156,324	785	830				
5	127	156,277	785	831				
6	127	157,673	785	830				
0	128	158,712	785	831				
1	128	158,831	785	831				
2	128	156,861	785	830				
3	128	155,859	785	830				
4	128	156,491	784	830				
5	128	159,213	784	830				
6	128	158,891	784	830				
0	129	157,661	785	830				
1	129	156,551	784	830				
2	129	158,437	784	830				
3	129	158,975	784	830				
4	129	158,7	784	830				
5	129	159,237	784	830				
6	129	156,957	784	829				
0	130	158,7	784	830				
1	130	158,784	784	830				
2	130	158,7	784	830				
3	130	158,819	784	829				
4	130	155,656	784	829				
5	130	156,838	783	829				
6	130	158,772	783	829				
0	131	158,736	784	830				
1	131	158,831	784	830				
2	131	157,41	784	829				
3	131	156,038	784	829				
4	131	156,933	783	829				
5	131	159,177	783	829				
6	131	158,843	783	829				
0	132	158,724	784	830				
1	132	156,372	783	829				
2	132	158,008	783	829				
3	132	158,987	783	829				
4	132	158,7	783	829				
5	132	159,166	783	829				
6	132	157,602	783	828				
0	133	157,243	783	829				
1	133	158,628	783	829				
2	133	158,7	783	829				
3	133	159,01	783	829				
4	133	158,7	783	829				
5	133	156,957	783	828				
6	133	157,016	782	828				
0	134	158,724	783	829				
1	134	158,796	783	829				
2	134	158,7	783	829				
3	134	158,163	783	828				
4	134	155,465	783	828				
5	134	158,688	782	828				
6	134	158,843	782	828				
0	135	157,924	782	828				
1	135	158,784	782	828				
2	135	158,7	782	828				
3	135	159,034	782	828				
4	135	158,342	782	828				
5	135	156,444	782	827				
6	135	157,864	781	827				
0	136	158,736	782	828				
1	136	158,831	782	828				
2	136	158,676	782	828				
3	136	157,136	782	827				
4	136	156,825	781	827				
5	136	159,177	781	827				
6	136	158,831	781	827				
0	137	158,784	782	828				
1	137	157,756	782	827				
2	137	156,945	781	827				
3	137	159,094	781	827				
4	137	158,819	781	827				
5	137	159,082	781	827				
6	137	158,795	781	826				
0	138	158,772	781	827				
1	138	158,807	781	827				
2	138	158,7	781	827				
3	138	158,903	781	827				
4	138	155,966	781	826				
5	138	158,569	780	826				
6	138	158,796	780	826				
0	139	158,772	781	827				
1	139	158,915	781	827				
2	139	157,422	781	827				
3	139	157,721	780	826				
4	139	158,879	780	826				
5	139	159,07	780	826				
6	139	158,807	780	826				
0	140	157,733	780	826				
1	140	158,772	780	826				
2	140	158,7	780	826				
3	140	158,891	780	826				
4	140	158,724	780	825				
5	140	156,921	780	825				
6	140	158,461	779	825				
0	141	158,807	780	826				
1	141	157,29	780	825				
2	141	158,64	779	825				
3	141	159,154	779	825				
4	141	158,831	779	825				
5	141	158,998	779	825				
6	141	158,616	779	824				
0	142	158,807	779	825				
1	142	158,772	779	825				
2	142	158,7	779	825				
3	142	158,843	779	825				
4	142	157,148	779	824				
5	142	157,78	778	824				
6	142	158,807	778	824				
0	143	158,784	779	825				
1	143	159,046	779	825				
2	143	157,172	779	825				
3	143	158,759	778	824				
4	143	158,915	778	824				
5	143	159,046	778	824				
6	143	158,748	778	824				
0	144	158,27	778	824				
1	144	158,748	778	824				
2	144	158,7	778	824				
3	144	158,855	778	824				
4	144	158,557	778	823				
5	144	156,611	777	823				
6	144	158,796	777	823				
0	145	158,736	778	824				
1	145	156,587	777	824				
2	145	158,7	777	824				
3	145	159,357	777	823				
4	145	158,867	777	823				
5	145	158,879	777	823				
6	145	158,246	777	822				
0	146	158,784	777	823				
1	146	158,819	777	823				
2	146	158,7	777	823				
3	146	158,652	777	822				
4	146	156,515	777	822				
5	146	159,106	776	822				
6	146	158,807	776	822				
0	147	158,784	777	823				
1	147	158,807	777	823				
2	147	157,22	777	823				
3	147	159,428	776	822				
4	147	158,975	776	822				
5	147	158,903	776	822				
6	147	158,796	776	822				
0	148	158,76	776	822				
1	148	158,784	776	822				
2	148	158,7	776	822				
3	148	158,282	776	821				
4	148	157,888	775	821				
5	148	158,998	775	821				
6	148	158,819	775	821				
0	149	155,811	776	821				
1	149	156,909	775	821				
2	149	158,784	775	822				
3	149	159,249	775	821				
4	149	158,879	775	821				
5	149	158,628	775	821				
6	149	156,909	774	820				
0	150	158,772	775	821				
1	150	156,838	775	821				
2	150	156,253	774	821				
3	150	159,691	774	820				
4	150	158,963	774	820				
5	150	158,831	774	820				
6	150	158,784	774	820				
0	151	155,704	775	820				
1	151	157,816	774	820				
2	151	158,784	774	821				
3	151	159,178	774	820				
4	151	158,867	774	820				
5	151	158,33	774	819				
6	151	157,279	773	819				
0	152	158,593	774	820				
1	152	156,766	774	820				
2	152	156,133	774	820				
3	152	159,619	773	819				
4	152	158,963	773	819				
5	152	158,7	773	819				
6	152	158,796	773	819				
0	153	158,76	773	819				
1	153	158,724	773	819				
2	153	158,736	773	820				
3	153	158,867	772	818				
4	153	158,975	772	818				
5	153	158,712	772	818				
6	153	158,819	772	818				
0	154	158,449	772	818				
1	154	158,736	772	818				
2	154	158,76	772	819				
3	154	159,034	772	818				
4	154	158,724	772	818				
5	154	159,081	771	817				
6	154	158,819	771	817				
0	155	157,745	772	818				
1	155	156,408	772	818				
2	155	156,289	772	819				
3	155	159,511	771	817				
4	155	159,01	771	817				
5	155	158,7	771	817				
6	155	158,807	771	817				
0	156	155,525	772	817				
1	156	156,909	771	817				
2	156	158,795	771	819				
3	156	159,404	771	817				
4	156	158,855	771	817				
5	156	158,652	771	817				
6	156	158,603	770	816				
0	157	155,716	771	816				
1	157	155,978	771	817				
2	157	156,014	771	818				
3	157	159,714	770	816				
4	157	159,01	770	816				
5	157	158,7	770	816				
6	157	158,807	770	816				
0	158	156,121	770	816				
1	158	156,551	770	816				
2	158	157,315	770	818				
3	158	158,795	769	815				
4	158	159,094	769	815				
5	158	158,748	769	815				
6	158	158,831	769	815				
0	159	158,258	769	815				
1	159	158,688	769	815				
2	159	158,772	769	817				
3	159	158,819	769	815				
4	159	158,389	768	815				
5	159	159,309	768	814				
6	159	158,855	768	814				
0	160	157,1	769	815				
1	160	157,781	769	815				
2	160	158,628	769	817				
3	160	158,425	768	814				
4	160	159,261	768	815				
5	160	158,867	768	814				
6	160	158,843	768	814				
0	161	158,449	768	814				
1	161	158,796	768	814				
2	161	158,807	768	817				
3	161	159,273	768	814				
4	161	158,712	768	814				
5	161	158,567	767	813				
6	161	158,879	767	813				
0	162	155,548	767	813				
1	162	157,745	767	813				
2	162	158,843	767	816				
3	162	159,452	767	813				
4	162	158,843	767	813				
5	162	158,354	767	813				
6	162	158,401	766	812				
0	163	158,007	767	813				
1	163	158,784	767	813				
2	163	158,676	767	815				
3	163	158,317	766	812				
4	163	159,357	766	813				
5	163	159,165	766	812				
6	163	158,843	766	812				
0	164	158,628	766	812				
1	164	158,807	766	812				
2	164	158,795	766	814				
3	164	159,034	766	812				
4	164	159,392	765	812				
5	164	159,559	765	811				
6	164	158,867	765	811				
0	165	156,133	766	811				
1	165	157,446	765	812				
2	165	159,01	765	813				
3	165	159,583	765	811				
4	165	158,939	765	811				
5	165	158,712	765	811				
6	165	158,961	764	810				
0	166	153,397	765	811				
1	166	158,043	764	811				
2	166	158,975	764	812				
3	166	159,595	764	810				
4	166	158,939	764	810				
5	166	158,378	764	810				
6	166	158,699	763	809				
0	167	158,796	764	810				
1	167	158,807	764	810				
2	167	158,628	764	812				
3	167	159,069	763	809				
4	167	159,249	763	810				
5	167	159,297	763	809				
6	167	158,855	763	809				
0	168	158,939	764	810				
1	168	157,983	763	810				
2	168	159,034	763	811				
3	168	159,679	763	809				
4	168	158,986	763	809				
5	168	158,748	763	809				
6	168	159,021	762	808				
0	169	158,784	762	808				
1	169	158,831	762	808				
2	169	158,807	762	809				
3	169	159,5	762	807				
4	169	158,914	761	808				
5	169	159,44	761	807				
6	169	158,855	761	807				
0	170	159,356	761	807				
1	170	158,998	761	807				
2	170	158,843	761	809				
3	170	159,667	761	807				
4	170	158,855	761	807				
5	170	157,923	760	806				
6	170	158,891	760	806				
0	171	159,44	761	807				
1	171	158,939	761	807				
2	171	158,843	761	809				
3	171	159,727	761	807				
4	171	158,843	761	807				
5	171	158,114	760	806				
6	171	158,831	760	806				
0	172	159,356	760	806				
1	172	158,843	760	806				
2	172	158,807	760	808				
3	172	159,75	760	806				
4	172	158,772	760	806				
5	172	158,592	759	805				
6	172	158,819	759	805				
0	173	159,213	759	805				
1	173	158,795	759	805				
2	173	158,795	759	808				
3	173	159,786	759	805				
4	173	158,497	759	805				
5	173	159,129	758	804				
6	173	158,784	758	804				
0	174	158,903	758	804				
1	174	158,772	758	804				
2	174	158,784	758	808				
3	174	159,75	758	804				
4	174	159,188	757	803				
5	174	159,321	757	803				
6	174	158,76	757	803				
0	175	158,939	758	804				
1	175	158,772	758	804				
2	175	158,772	758	808				
3	175	161,361	757	804				
4	175	159,404	757	803				
5	175	158,963	757	803				
6	175	158,736	757	803				
0	176	158,939	757	803				
1	176	158,772	757	803				
2	176	158,724	757	803				
3	176	161,039	756	803				
4	176	159,452	756	802				
5	176	158,975	756	802				
6	176	158,7	756	802				
0	177	159,152	756	802				
1	177	158,748	756	802				
2	177	158,712	756	803				
3	177	160,061	756	802				
4	177	158,246	756	801				
5	177	159,451	755	801				
6	177	158,736	755	801				
0	178	159,058	756	802				
1	178	158,772	756	802				
2	178	158,736	756	802				
3	178	161,636	755	802				
4	178	159,38	755	801				
5	178	158,975	755	801				
6	178	158,7	755	801				
0	179	159,082	755	801				
1	179	158,796	755	801				
2	179	158,76	755	801				
3	179	161,218	754	801				
4	179	159,333	754	800				
5	179	158,987	754	800				
6	179	158,7	754	800				
0	180	159,309	755	801				
1	180	158,663	754	800				
2	180	158,425	754	800				
3	180	160,455	754	800				
4	180	159,094	754	800				
5	180	158,998	754	800				
6	180	158,818	753	799				
0	181	159,321	754	800				
1	181	158,998	754	799				
2	181	158,33	753	799				
3	181	160,646	753	799				
4	181	159,166	753	799				
5	181	158,819	753	799				
6	181	159,176	752	798				
0	182	159,118	753	799				
1	182	158,772	753	799				
2	182	158,724	753	799				
3	182	160,216	752	799				
4	182	159,536	752	798				
5	182	158,819	752	798				
6	182	158,7	752	798				
0	183	159,166	752	798				
1	183	158,879	752	798				
2	183	158,831	752	798				
3	183	160,561	751	798				
4	183	159,404	751	797				
5	183	158,807	751	797				
6	183	158,7	751	797				
0	184	157,78	752	797				
1	184	158,019	751	797				
2	184	158,7	751	797				
3	184	160,323	751	797				
4	184	158,628	751	796				
5	184	158,664	750	796				
6	184	158,7	750	796				
0	185	159,321	751	797				
1	185	158,066	751	796				
2	185	158,748	750	796				
3	185	160,574	750	796				
4	185	158,998	750	796				
5	185	158,079	750	795				
6	185	158,64	749	795				
0	186	159,046	750	796				
1	186	158,891	750	796				
2	186	158,688	750	796				
3	186	160,024	749	795				
4	186	159,345	749	795				
5	186	158,807	749	795				
6	186	158,688	749	795				
0	187	157,924	749	795				
1	187	158,772	749	795				
2	187	158,7	749	795				
3	187	160,216	749	794				
4	187	159,081	748	794				
5	187	158,819	748	794				
6	187	158,7	748	794				
0	188	159,333	749	795				
1	188	158,628	749	794				
2	188	158,354	748	794				
3	188	160,693	748	794				
4	188	158,939	748	794				
5	188	157,625	747	793				
6	188	158,712	747	793				
0	189	158,03	748	793				
1	189	158,485	747	793				
2	189	158,724	747	793				
3	189	160,467	747	793				
4	189	158,938	746	792				
5	189	158,831	746	792				
6	189	158,7	746	792				
0	190	158,951	747	793				
1	190	158,927	747	793				
2	190	158,64	747	793				
3	190	160,537	746	792				
4	190	159,154	746	792				
5	190	158,784	746	792				
6	190	157,828	745	791				
0	191	157,78	746	792				
1	191	158,772	746	792				
2	191	158,736	746	792				
3	191	159,738	746	791				
4	191	158,974	745	791				
5	191	158,807	745	791				
6	191	158,7	745	791				
0	192	157,887	746	791				
1	192	158,461	745	791				
2	192	158,772	745	791				
3	192	160,55	745	791				
4	192	158,436	744	790				
5	192	158,867	744	790				
6	192	158,712	744	790				
0	193	157,708	744	790				
1	193	158,748	744	790				
2	193	158,772	744	790				
3	193	160,192	744	789				
4	193	158,639	743	789				
5	193	158,819	743	789				
6	193	158,7	743	789				
0	194	159,201	744	790				
1	194	158,951	744	790				
2	194	156,861	744	789				
3	194	160,896	743	789				
4	194	158,927	743	789				
5	194	158,664	743	788				
6	194	157,697	742	788				
0	195	159,273	743	789				
1	195	158,401	743	788				
2	195	158,043	742	788				
3	195	160,705	742	788				
4	195	158,879	742	788				
5	195	157,434	742	787				
6	195	158,664	741	787				
0	196	157,661	742	788				
1	196	158,772	742	788				
2	196	158,819	742	788				
3	196	159,858	742	787				
4	196	158,532	741	787				
5	196	158,891	741	787				
6	196	158,712	741	787				
0	197	159,106	741	787				
1	197	158,807	741	787				
2	197	158,103	741	786				
3	197	160,597	740	786				
4	197	158,975	740	786				
5	197	158,867	740	786				
6	197	157,625	740	785				
0	198	158,807	741	786				
1	198	157,351	740	786				
2	198	158,843	740	786				
3	198	160,61	740	786				
4	198	158,019	740	785				
5	198	157,816	739	785				
6	198	158,748	739	785				
0	199	158,162	739	785				
1	199	158,509	739	785				
2	199	158,843	739	785				
3	199	160,538	739	785				
4	199	157,255	738	784				
5	199	158,927	738	784				
6	199	158,76	738	784				
0	200	159,118	739	785				
1	200	158,628	739	784				
2	200	158,127	738	784				
3	200	160,646	738	784				
4	200	158,724	738	784				
5	200	158,21	738	783				
6	200	157,518	737	783				
0	201	159,046	738	784				
1	201	158,784	738	784				
2	201	157,792	738	783				
3	201	160,562	737	783				
4	201	158,891	737	783				
5	201	158,915	737	783				
6	201	157,1	736	782				
0	202	159,118	737	783				
1	202	158,784	737	783				
2	202	157,995	737	782				
3	202	160,55	736	782				
4	202	158,879	736	782				
5	202	159,034	736	782				
6	202	156,969	736	781				
0	203	158,831	736	782				
1	203	158,76	736	782				
2	203	158,867	736	782				
3	203	159,595	736	781				
4	203	158,365	735	781				
5	203	158,927	735	781				
6	203	158,748	735	781				
0	204	159,106	736	782				
1	204	158,784	736	782				
2	204	158,688	736	781				
3	204	160,108	735	781				
4	204	158,915	735	781				
5	204	159,022	735	781				
6	204	158,342	735	780				
0	205	159,082	735	781				
1	205	158,521	735	780				
2	205	158,27	734	780				
3	205	160,264	734	780				
4	205	158,593	734	780				
5	205	158,604	734	779				
6	205	157,183	733	779				
0	206	159,046	734	780				
1	206	158,736	734	780				
2	206	158,903	734	780				
3	206	159,165	734	779				
4	206	158,186	733	779				
5	206	159,034	733	779				
6	206	158,76	733	779				
0	207	158,748	733	779				
1	207	158,736	733	779				
2	207	158,831	733	779				
3	207	159,798	733	778				
4	207	156,551	732	778				
5	207	158,998	732	778				
6	207	158,748	732	778				
0	208	157,506	733	778				
1	208	157,804	732	778				
2	208	158,843	732	778				
3	208	159,977	732	778				
4	208	158,509	732	778				
5	208	156,205	732	777				
6	208	158,234	731	777				
0	209	158,449	732	778				
1	209	158,724	732	778				
2	209	158,855	732	778				
3	209	160,013	732	778				
4	209	156,778	732	777				
5	209	157,649	731	777				
6	209	158,76	731	777				
0	210	157,387	731	777				
1	210	158,676	731	777				
2	210	158,855	731	777				
3	210	159,715	731	777				
4	210	158,198	731	776				
5	210	156,217	731	776				
6	210	158,294	730	776				
0	211	157,1	730	776				
1	211	158,64	730	776				
2	211	158,855	730	776				
3	211	159,655	730	776				
4	211	157,578	730	775				
5	211	156,766	729	775				
6	211	158,748	729	775				
0	212	158,903	730	776				
1	212	158,461	730	776				
2	212	156,336	730	775				
3	212	159,225	729	775				
4	212	158,724	729	775				
5	212	159,166	729	775				
6	212	157,745	729	774				
0	213	156,933	730	775				
1	213	156,527	729	775				
2	213	158,772	729	775				
3	213	159,595	729	775				
4	213	158,7	729	775				
5	213	157,04	729	774				
6	213	156,646	728	774				
0	214	158,939	728	774				
1	214	158,7	728	774				
2	214	158,843	728	774				
3	214	157,936	728	773				
4	214	156,121	727	773				
5	214	158,998	727	773				
6	214	158,784	727	773				
0	215	158,867	727	773				
1	215	158,748	727	773				
2	215	157,327	727	772				
3	215	157,065	727	772				
4	215	157,171	726	772				
5	215	159,106	726	772				
6	215	158,831	726	772				
0	216	156,408	727	772				
1	216	157,96	726	772				
2	216	158,831	726	772				
3	216	159,416	726	772				
4	216	158,7	726	772				
5	216	157,673	726	771				
6	216	155,596	726	771				
0	217	158,819	726	772				
1	217	158,664	726	772				
2	217	156,682	726	771				
3	217	156,909	726	771				
4	217	156,825	725	771				
5	217	159,082	725	771				
6	217	158,867	725	771				
0	218	158,807	725	771				
1	218	158,7	725	771				
2	218	158,796	725	771				
3	218	158,33	725	770				
4	218	155,369	725	770				
5	218	157,196	724	770				
6	218	158,76	724	770				
0	219	157,518	725	770				
1	219	155,465	725	770				
2	219	157,1	724	770				
3	219	159,333	724	770				
4	219	158,7	724	770				
5	219	159,261	724	770				
6	219	156,527	724	769				
0	220	158,796	724	770				
1	220	157,852	724	769				
2	220	155,859	724	769				
3	220	157,22	723	769				
4	220	158,163	723	769				
5	220	159,189	723	769				
6	220	158,736	723	768				
0	221	155,572	724	769				
1	221	158,413	723	769				
2	221	158,748	723	769				
3	221	159,392	723	769				
4	221	158,688	723	769				
5	221	156,587	723	768				
6	221	155,704	723	768				
0	222	158,533	722	768				
1	222	158,7	722	768				
2	222	158,736	722	768				
3	222	159,189	722	767				
4	222	156,002	722	767				
5	222	156,372	722	767				
6	222	157,936	721	767				
0	223	158,736	722	768				
1	223	158,437	722	768				
2	223	155,918	722	767				
3	223	157,16	722	767				
4	223	157,172	721	767				
5	223	159,261	721	767				
6	223	158,843	721	767				
0	224	155,441	721	767				
1	224	158,055	721	767				
2	224	158,712	721	767				
3	224	159,548	721	767				
4	224	158,7	721	767				
5	224	157,947	721	766				
6	224	155,751	721	766				
0	225	155,322	721	766				
1	225	155,489	721	766				
2	225	158,163	720	766				
3	225	159,595	720	766				
4	225	158,7	720	766				
5	225	159,106	720	766				
6	225	155,883	720	765				
0	226	158,7	720	766				
1	226	158,676	720	765				
2	226	156,348	720	765				
3	226	157,458	720	765				
4	226	155,572	720	765				
5	226	159,118	719	765				
6	226	158,843	719	765				
0	227	157,745	719	765				
1	227	158,688	719	765				
2	227	158,7	719	765				
3	227	159,464	719	765				
4	227	155,871	719	764				
5	227	156,48	719	764				
6	227	156,861	718	764				
0	228	158,342	719	764				
1	228	155,608	719	764				
2	228	155,632	719	764				
3	228	157,447	719	764				
4	228	156,993	718	764				
5	228	159,333	718	764				
6	228	158,855	718	764				
0	229	156,3	718	764				
1	229	157,84	718	764				
2	229	158,712	718	764				
3	229	159,643	718	764				
4	229	157,948	718	763				
5	229	156,336	718	763				
6	229	155,799	718	763				
0	230	155,25	718	763				
1	230	155,441	718	763				
2	230	157,685	717	763				
3	230	159,81	717	763				
4	230	158,7	717	763				
5	230	158,867	717	763				
6	230	155,907	717	762				
0	231	158,497	717	763				
1	231	158,652	717	763				
2	231	158,76	717	763				
3	231	159,428	717	763				
4	231	155,978	717	762				
5	231	156,372	717	762				
6	231	155,883	717	762				
0	232	158,163	716	762				
1	232	158,628	716	762				
2	232	158,772	716	762				
3	232	159,607	716	762				
4	232	156,969	716	761				
5	232	156,277	716	761				
6	232	155,775	716	761				
0	233	158,7	716	762				
1	233	157,148	716	761				
2	233	155,668	716	761				
3	233	157,482	716	761				
4	233	155,632	716	761				
5	233	157,602	716	761				
6	233	158,712	715	761				
0	234	156,348	715	761				
1	234	158,593	715	761				
2	234	158,784	715	761				
3	234	159,691	715	761				
4	234	158,258	715	760				
5	234	156,253	715	760				
6	234	155,859	715	760				
0	235	158,7	715	761				
1	235	157,781	715	760				
2	235	155,763	715	760				
3	235	157,446	715	760				
4	235	155,632	715	760				
5	235	156,814	715	760				
6	235	157,864	714	760				
0	236	155,632	715	760				
1	236	158,449	714	760				
2	236	158,784	714	760				
3	236	159,739	714	760				
4	236	158,688	714	760				
5	236	156,468	714	759				
6	236	155,823	714	759				
0	237	158,676	714	760				
1	237	156,814	714	759				
2	237	155,62	714	759				
3	237	157,184	714	759				
4	237	155,692	714	759				
5	237	156,778	714	759				
6	237	157,709	713	759				
0	238	155,393	714	759				
1	238	157,685	713	759				
2	238	158,76	713	759				
3	238	159,739	713	759				
4	238	158,724	713	759				
5	238	157,637	713	758				
6	238	155,942	713	758				
0	239	158,7	713	759				
1	239	158,7	713	759				
2	239	158,354	713	758				
3	239	157,888	713	758				
4	239	155,572	713	758				
5	239	156,145	713	758				
6	239	155,811	713	758				
0	240	155,25	713	758				
1	240	155,334	713	758				
2	240	155,572	713	758				
3	240	156,981	713	758				
4	240	158,306	712	758				
5	240	159,106	712	758				
6	240	158,736	712	758				
0	241	158,652	712	758				
1	241	156,372	712	757				
2	241	155,584	712	757				
3	241	157,076	712	757				
4	241	155,584	712	757				
5	241	156,193	712	757				
6	241	156,193	711	757				
0	242	155,25	712	757				
1	242	155,322	712	757				
2	242	155,584	712	757				
3	242	156,874	712	757				
4	242	157,148	711	757				
5	242	158,879	711	757				
6	242	158,76	711	757				
0	243	155,262	712	757				
1	243	155,31	712	757				
2	243	155,584	712	757				
3	243	156,85	712	757				
4	243	157,685	711	757				
5	243	159,01	711	757				
6	243	158,76	711	757				
0	244	158,7	711	757				
1	244	158,7	711	757				
2	244	158,843	711	757				
3	244	159,213	711	757				
4	244	157,088	711	756				
5	244	156,026	711	756				
6	244	155,763	711	756				
0	245	155,298	711	756				
1	245	155,286	711	756				
2	245	155,56	711	756				
3	245	156,838	711	756				
4	245	155,608	711	756				
5	245	156,205	711	756				
6	245	156,993	710	756				
0	246	155,286	711	756				
1	246	155,417	710	756				
2	246	155,918	710	756				
3	246	158,007	711	756				
4	246	158,676	710	756				
5	246	159,034	710	756				
6	246	158,497	710	756				
0	247	156,647	710	756				
1	247	157,924	710	756				
2	247	158,616	710	756				
3	247	159,703	710	756				
4	247	158,748	710	756				
5	247	158,784	710	756				
6	247	157,052	710	755				
0	248	155,25	710	755				
1	248	155,274	710	755				
2	248	155,584	710	755				
3	248	156,694	710	755				
4	248	155,537	710	755				
5	248	155,919	710	755				
6	248	155,656	709	755				
0	249	155,907	709	755				
1	249	156,981	709	755				
2	249	158,294	709	755				
3	249	159,548	709	755				
4	249	158,76	709	755				
5	249	158,927	709	755				
6	249	157,506	709	754				
0	250	158,055	709	755				
1	250	155,704	709	754				
2	250	155,751	709	754				
3	250	156,706	709	754				
4	250	155,668	709	754				
5	250	155,668	709	754				
6	250	155,429	709	754				
0	251	157,876	709	755				
1	251	155,727	709	754				
2	251	155,716	709	754				
3	251	156,575	709	754				
4	251	155,668	709	754				
5	251	155,68	709	754				
6	251	155,429	709	754				
0	252	155,286	709	754				
1	252	155,489	708	754				
2	252	156,241	709	754				
3	252	157,255	708	754				
4	252	158,031	708	754				
5	252	158,927	708	754				
6	252	158,7	708	754				
0	253	158,664	708	754				
1	253	158,7	708	754				
2	253	158,843	708	754				
3	253	158,951	708	753				
4	253	156,909	708	753				
5	253	155,883	708	753				
6	253	155,716	708	753				
0	254	155,262	708	753				
1	254	155,274	708	753				
2	254	155,525	708	753				
3	254	156,289	708	753				
4	254	155,477	708	753				
5	254	155,608	708	753				
6	254	155,369	707	753				
0	255	155,25	708	753				
1	255	155,369	707	753				
2	255	155,632	708	753				
3	255	156,026	708	753				
4	255	155,453	708	753				
5	255	155,835	708	753				
6	255	157,805	707	753				
0	256	156,193	707	753				
1	256	158,199	707	753				
2	256	158,533	707	753				
3	256	159,154	707	753				
4	256	158,724	707	753				
5	256	158,748	707	753				
6	256	158,175	707	753				
0	257	156,109	707	752				
1	257	155,31	707	752				
2	257	155,525	707	752				
3	257	156,217	707	752				
4	257	155,429	707	752				
5	257	155,501	707	752				
6	257	155,298	707	752				
0	258	155,226	707	752				
1	258	155,298	707	752				
2	258	155,465	707	752				
3	258	155,919	707	752				
4	258	155,393	707	752				
5	258	155,417	707	752				
6	258	155,441	706	752				
0	259	155,25	707	752				
1	259	155,369	707	752				
2	259	155,465	707	752				
3	259	155,763	707	752				
4	259	155,441	707	752				
5	259	155,465	707	752				
6	259	156,957	706	752				
0	260	157,136	706	752				
1	260	158,437	706	752				
2	260	158,533	706	752				
3	260	158,987	706	752				
4	260	158,593	706	752				
5	260	158,222	706	752				
6	260	156,635	706	751				
0	261	156,551	706	752				
1	261	157,59	706	752				
2	261	157,888	706	752				
3	261	158,915	706	752				
4	261	158,676	706	752				
5	261	158,604	706	752				
6	261	157,733	706	751				
0	262	156,802	706	751				
1	262	157,721	706	752				
2	262	157,339	706	752				
3	262	156,945	706	752				
4	262	155,644	706	751				
5	262	155,739	706	751				
6	262	155,31	706	751				
0	263	153,185	706	751				
1	263	155,286	706	751				
2	263	155,393	706	751				
3	263	155,728	706	751				
4	263	155,262	706	751				
5	263	155,465	706	751				
6	263	155,25	706	751				
0	264	153,435	706	751				
1	264	155,357	706	751				
2	264	155,31	706	751				
3	264	155,537	706	751				
4	264	155,274	706	751				
5	264	155,31	706	751				
6	264	155,393	706	751				
0	265	153,77	706	751				
1	265	155,262	706	751				
2	265	155,334	706	751				
3	265	155,525	706	751				
4	265	155,262	706	751				
5	265	155,322	706	751				
6	265	155,31	706	751				
0	266	154,617	706	751				
1	266	155,429	706	751				
2	266	155,334	706	751				
3	266	155,381	706	751				
4	266	155,334	706	751				
5	266	155,429	706	751				
6	266	157,041	705	751				
0	267	155,333	706	751				
1	267	155,954	706	751				
2	267	156,086	706	751				
3	267	156,217	705	751				
4	267	158,163	705	751				
5	267	158,473	705	751				
6	267	158,473	705	751				
0	268	153,424	705	750				
1	268	154,713	705	750				
2	268	155,357	705	750				
3	268	155,525	705	750				
4	268	155,25	705	750				
5	268	155,393	705	750				
6	268	155,357	705	750				
0	269	153,495	705	750				
1	269	154,892	705	750				
2	269	155,346	705	750				
3	269	155,513	705	750				
4	269	155,25	705	750				
5	269	155,393	705	750				
6	269	155,369	705	750				
0	270	154,832	705	750				
1	270	155,357	705	750				
2	270	155,334	705	750				
3	270	155,322	705	750				
4	270	155,25	705	750				
5	270	155,334	705	750				
6	270	155,429	705	750				
0	271	155,31	705	750				
1	271	155,405	705	750				
2	271	155,334	705	750				
3	271	155,369	705	750				
4	271	155,31	705	750				
5	271	155,405	705	750				
6	271	155,751	704	750				
0	272	155,25	705	750				
1	272	155,369	705	750				
2	272	155,334	705	750				
3	272	155,298	705	750				
4	272	155,274	705	750				
5	272	155,393	705	750				
6	272	155,656	705	750				
0	273	155,25	705	750				
1	273	155,357	705	750				
2	273	155,357	705	750				
3	273	155,322	705	750				
4	273	155,286	705	750				
5	273	155,369	705	750				
6	273	155,596	705	750				
0	274	155,357	705	750				
1	274	155,441	705	750				
2	274	155,346	705	750				
3	274	155,429	705	750				
4	274	155,441	705	750				
5	274	155,489	705	750				
6	274	155,811	705	750				
0	275	155,322	705	750				
1	275	155,405	705	750				
2	275	155,346	705	750				
3	275	155,405	705	750				
4	275	155,381	705	750				
5	275	155,465	705	750				
6	275	155,763	705	750				
0	276	156,862	705	750				
1	276	157,231	704	750				
2	276	157,542	704	750				
3	276	157,84	704	750				
4	276	158,031	704	750				
5	276	157,697	705	750				
6	276	158,008	705	750				
0	277	155,489	705	750				
1	277	155,513	705	750				
2	277	155,357	705	750				
3	277	155,441	705	750				
4	277	155,429	705	750				
5	277	155,489	705	750				
6	277	155,895	705	750				
0	278	158,437	704	750				
1	278	158,449	704	750				
2	278	158,521	704	750				
3	278	158,676	704	750				
4	278	158,616	704	750				
5	278	158,533	705	750				
6	278	158,449	704	750				
0	279	156,098	705	750				
1	279	155,751	705	750				
2	279	155,381	705	750				
3	279	155,465	705	750				
4	279	155,465	705	750				
5	279	155,513	705	750				
6	279	155,883	705	750				
0	280	158,628	704	750				
1	280	158,604	704	750				
2	280	158,294	704	750				
3	280	158,151	704	750				
4	280	157,208	705	750				
5	280	156,098	705	750				
6	280	157,184	704	750				
0	281	156,098	705	750				
1	281	155,656	705	750				
2	281	155,322	705	750				
3	281	155,477	705	750				
4	281	155,417	705	750				
5	281	155,513	705	750				
6	281	155,763	705	750				
0	282	158,557	704	750				
1	282	158,354	704	750				
2	282	156,491	705	750				
3	282	155,787	705	750				
4	282	155,501	705	750				
5	282	155,56	705	750				
6	282	156,074	705	750				
0	283	155,346	705	750				
1	283	155,417	705	750				
2	283	155,322	705	750				
3	283	155,453	705	750				
4	283	155,393	705	750				
5	283	155,501	705	750				
6	283	155,763	705	750				
0	284	155,286	705	750				
1	284	155,393	705	750				
2	284	155,31	705	750				
3	284	155,477	705	750				
4	284	155,417	705	750				
5	284	155,536	705	750				
6	284	155,847	705	750				
0	285	155,25	705	750				
1	285	155,274	705	750				
2	285	155,346	705	750				
3	285	155,62	705	750				
4	285	156,647	705	751				
5	285	158,64	705	751				
6	285	158,819	705	751				
0	286	155,25	705	750				
1	286	155,322	705	750				
2	286	155,716	705	750				
3	286	156,205	705	750				
4	286	157,852	705	751				
5	286	158,903	705	751				
6	286	158,796	705	751				
0	287	158,7	705	751				
1	287	158,545	706	751				
2	287	156,539	706	751				
3	287	155,727	706	751				
4	287	155,381	706	751				
5	287	155,62	706	751				
6	287	156,062	706	751				
0	288	158,7	706	752				
1	288	158,664	707	752				
2	288	157,327	707	752				
3	288	156,05	707	752				
4	288	155,381	707	752				
5	288	155,668	707	752				
6	288	156,229	707	752				
0	289	158,7	707	753				
1	289	158,7	707	753				
2	289	158,724	707	753				
3	289	158,784	707	753				
4	289	158,151	707	753				
5	289	156,312	708	753				
6	289	157,649	707	753				
0	290	155,381	708	753				
1	290	155,405	708	753				
2	290	155,787	708	753				
3	290	156,205	708	753				
4	290	157,411	708	754				
5	290	158,819	708	754				
6	290	158,855	708	754				
0	291	155,262	709	754				
1	291	155,298	709	754				
2	291	155,286	709	754				
3	291	155,56	709	754				
4	291	155,405	709	754				
5	291	155,751	709	754				
6	291	156,694	709	755				
0	292	157,829	709	755				
1	292	158,139	709	755				
2	292	158,402	709	754				
3	292	158,76	709	755				
4	292	158,676	709	755				
5	292	158,986	709	755				
6	292	158,76	709	755				
0	293	155,823	710	755				
1	293	155,369	710	755				
2	293	155,286	710	755				
3	293	155,596	710	755				
4	293	155,357	710	755				
5	293	155,763	710	755				
6	293	156,05	710	755				
0	294	155,25	710	755				
1	294	155,31	710	755				
2	294	155,274	710	755				
3	294	155,572	710	755				
4	294	155,369	710	755				
5	294	155,954	710	756				
6	294	157,661	710	756				
0	295	158,521	710	756				
1	295	156,133	711	756				
2	295	155,298	711	756				
3	295	155,739	711	756				
4	295	155,322	711	756				
5	295	155,787	711	756				
6	295	156,05	711	756				
0	296	158,7	711	757				
1	296	158,7	711	757				
2	296	158,7	711	757				
3	296	158,831	711	757				
4	296	158,7	711	757				
5	296	158,903	711	757				
6	296	158,569	711	757				
0	297	156,742	712	757				
1	297	156,456	712	757				
2	297	156,48	712	758				
3	297	157,256	712	758				
4	297	157,996	712	758				
5	297	159,034	712	758				
6	297	158,879	712	758				
0	298	158,7	712	758				
1	298	157,506	713	758				
2	298	155,489	713	758				
3	298	155,799	713	758				
4	298	155,322	713	758				
5	298	155,823	713	759				
6	298	156,098	713	758				
0	299	158,7	713	759				
1	299	158,7	713	759				
2	299	157,936	713	759				
3	299	157,053	713	759				
4	299	155,334	714	759				
5	299	155,883	714	760				
6	299	156,229	714	759				
0	300	155,441	714	759				
1	300	155,441	714	759				
2	300	156,527	714	760				
3	300	156,3	714	760				
4	300	157,315	714	760				
5	300	158,963	714	760				
6	300	158,855	714	760				
0	301	155,357	715	760				
1	301	155,322	715	760				
2	301	155,286	715	760				
3	301	155,656	715	761				
4	301	155,298	715	760				
5	301	156,169	715	761				
6	301	158,222	715	761				
0	302	158,7	715	761				
1	302	158,724	715	761				
2	302	158,676	715	761				
3	302	158,64	715	761				
4	302	156,217	716	761				
5	302	156,002	715	762				
6	302	156,706	715	761				
0	303	158,7	716	762				
1	303	158,724	716	762				
2	303	158,7	716	762				
3	303	158,867	716	762				
4	303	158,378	717	762				
5	303	157,506	716	763				
6	303	157,948	716	762				
0	304	156,026	717	762				
1	304	155,381	717	762				
2	304	155,393	717	762				
3	304	155,799	717	763				
4	304	155,274	717	762				
5	304	156,145	717	763				
6	304	157,434	717	763				
0	305	158,7	717	763				
1	305	158,688	717	763				
2	305	157,112	718	763				
3	305	156,79	718	763				
4	305	155,274	718	763				
5	305	156,121	718	764				
6	305	156,098	718	763				
0	306	155,525	718	763				
1	306	155,441	718	763				
2	306	156,694	718	763				
3	306	155,763	718	764				
4	306	156,396	718	764				
5	306	158,688	718	764				
6	306	158,831	718	764				
0	307	158,7	718	764				
1	307	158,724	718	764				
2	307	158,7	718	764				
3	307	158,772	718	764				
4	307	156,706	718	764				
5	307	156,491	719	764				
6	307	157,184	718	764				
0	308	158,688	718	764				
1	308	156,754	719	764				
2	308	155,548	719	764				
3	308	156,038	719	764				
4	308	155,322	718	764				
5	308	156,229	719	765				
6	308	156,312	719	764				
0	309	158,7	718	764				
1	309	158,736	718	764				
2	309	158,533	718	764				
3	309	157,793	719	764				
4	309	155,501	718	764				
5	309	156,3	719	764				
6	309	156,11	718	764				
0	310	157,411	719	764				
1	310	157,494	719	765				
2	310	158,079	719	765				
3	310	158,855	719	765				
4	310	158,7	719	765				
5	310	159,213	719	765				
6	310	158,843	719	765				
0	311	158,7	719	765				
1	311	158,724	719	765				
2	311	158,7	719	765				
3	311	158,927	719	765				
4	311	158,688	719	765				
5	311	158,449	719	765				
6	311	158,724	719	765				
0	312	158,736	719	765				
1	312	158,557	719	765				
2	312	157,602	720	765				
3	312	156,611	720	765				
4	312	155,417	719	765				
5	312	156,312	720	765				
6	312	155,823	720	765				
0	313	158,604	720	765				
1	313	158,688	720	766				
2	313	158,7	720	766				
3	313	158,987	720	766				
4	313	158,76	719	766				
5	313	159,177	720	766				
6	313	158,867	720	766				
0	314	158,33	720	765				
1	314	158,593	720	766				
2	314	158,7	720	766				
3	314	158,987	720	766				
4	314	158,772	719	766				
5	314	159,213	720	766				
6	314	158,867	720	766				
0	315	158,64	720	766				
1	315	156,599	720	766				
2	315	156,181	721	766				
3	315	156,503	721	766				
4	315	155,513	720	766				
5	315	156,396	721	766				
6	315	156,885	721	766				
0	316	156,897	721	767				
1	316	157,458	721	767				
2	316	157,984	721	767				
3	316	158,772	721	767				
4	316	158,795	720	767				
5	316	159,177	721	767				
6	316	158,867	721	767				
0	317	158,76	721	767				
1	317	158,76	721	767				
2	317	158,7	721	767				
3	317	158,891	721	767				
4	317	158,795	720	767				
5	317	158,282	722	767				
6	317	157,96	721	767				
0	318	158,772	722	768				
1	318	158,76	722	768				
2	318	158,7	722	768				
3	318	158,927	722	768				
4	318	158,795	721	768				
5	318	158,76	722	768				
6	318	158,819	722	768				
0	319	157,972	723	769				
1	319	158,342	723	769				
2	319	158,378	723	769				
3	319	159,022	723	769				
4	319	158,819	722	769				
5	319	159,07	723	769				
6	319	158,843	723	769				
0	320	158,796	722	768				
1	320	158,318	722	768				
2	320	156,754	723	768				
3	320	157,494	723	768				
4	320	155,656	722	768				
5	320	156,42	723	768				
6	320	156,909	723	769				
0	321	156,587	723	769				
1	321	157,136	723	769				
2	321	157,16	723	768				
3	321	158,939	723	769				
4	321	158,843	722	769				
5	321	159,01	723	769				
6	321	158,831	723	769				
0	322	158,807	723	769				
1	322	158,796	723	769				
2	322	158,7	723	769				
3	322	158,724	724	769				
4	322	156,945	723	769				
5	322	157,59	724	769				
6	322	155,716	724	769				
0	323	158,796	724	770				
1	323	158,748	724	770				
2	323	158,7	724	770				
3	323	158,867	724	770				
4	323	158,784	724	770				
5	323	158,7	724	770				
6	323	158,807	724	770				
0	324	158,748	725	771				
1	324	158,712	725	771				
2	324	158,7	725	771				
3	324	159,01	725	771				
4	324	158,855	725	771				
5	324	158,867	725	771				
6	324	158,807	725	771				
0	325	157,435	726	772				
1	325	158,115	726	772				
2	325	158,246	726	772				
3	325	159,225	726	772				
4	325	158,939	725	772				
5	325	158,879	726	772				
6	325	158,807	726	772				
0	326	156,766	726	771				
1	326	157,638	726	772				
2	326	157,948	726	772				
3	326	159,213	726	772				
4	326	158,915	726	772				
5	326	158,843	726	772				
6	326	158,819	726	772				
0	327	158,772	726	772				
1	327	158,736	726	772				
2	327	158,7	726	772				
3	327	158,939	726	772				
4	327	158,807	726	772				
5	327	158,676	726	772				
6	327	158,807	726	772				
0	328	158,796	726	772				
1	328	158,784	726	772				
2	328	158,7	726	772				
3	328	158,939	726	772				
4	328	158,772	726	772				
5	328	158,533	726	772				
6	328	158,676	726	772				
0	329	158,784	727	773				
1	329	158,76	727	773				
2	329	158,712	726	773				
3	329	158,986	727	773				
4	329	158,867	727	773				
5	329	158,652	727	773				
6	329	158,807	727	773				
0	330	158,784	727	773				
1	330	158,807	727	773				
2	330	158,712	726	773				
3	330	158,461	727	773				
4	330	157,805	727	773				
5	330	157,088	728	773				
6	330	155,692	728	773				
0	331	158,784	728	774				
1	331	158,784	728	774				
2	331	158,724	727	774				
3	331	158,724	728	774				
4	331	158,604	728	774				
5	331	157,649	729	774				
6	331	155,835	729	774				
0	332	158,76	728	774				
1	332	158,76	728	774				
2	332	158,724	727	774				
3	332	158,628	728	774				
4	332	158,604	728	774				
5	332	156,933	729	774				
6	332	155,62	729	774				
0	333	158,76	730	776				
1	333	158,748	730	776				
2	333	158,736	729	776				
3	333	158,784	730	776				
4	333	158,736	730	776				
5	333	157,626	730	776				
6	333	157,709	730	776				
0	334	156,05	731	776				
1	334	157,255	730	777				
2	334	158,581	729	777				
3	334	159,309	731	777				
4	334	158,939	730	777				
5	334	158,736	731	777				
6	334	158,807	731	777				
0	335	158,772	731	777				
1	335	158,795	731	777				
2	335	158,784	729	777				
3	335	159,07	731	777				
4	335	158,76	731	777				
5	335	158,067	731	777				
6	335	158,772	731	777				
0	336	158,76	731	777				
1	336	158,76	731	777				
2	336	158,784	729	777				
3	336	159,058	731	777				
4	336	158,724	731	777				
5	336	157,22	732	777				
6	336	158,079	731	777				
0	337	158,76	732	778				
1	337	158,772	732	778				
2	337	158,795	730	778				
3	337	158,784	732	778				
4	337	158,664	732	778				
5	337	156,193	733	778				
6	337	155,548	733	778				
0	338	158,664	733	779				
1	338	158,127	733	779				
2	338	156,145	732	779				
3	338	156,861	734	779				
4	338	157,721	733	780				
5	338	158,974	734	780				
6	338	158,819	734	780				
0	339	158,772	734	780				
1	339	158,831	734	780				
2	339	157,065	732	780				
3	339	156,718	735	780				
4	339	156,754	734	780				
5	339	156,193	735	780				
6	339	158,557	735	781				
0	340	158,831	735	781				
1	340	159,118	734	781				
2	340	158,963	733	781				
3	340	159,154	735	781				
4	340	158,867	735	781				
5	340	158,688	735	781				
6	340	158,772	735	781				
0	341	158,76	736	782				
1	341	158,843	736	782				
2	341	158,915	734	782				
3	341	159,106	736	782				
4	341	158,831	736	782				
5	341	158,425	736	782				
6	341	158,772	736	782				
0	342	158,736	737	783				
1	342	158,796	737	783				
2	342	158,891	735	783				
3	342	159,07	737	783				
4	342	158,64	737	783				
5	342	157,172	737	783				
6	342	156,253	738	783				
0	343	158,724	738	784				
1	343	158,819	738	784				
2	343	158,927	736	784				
3	343	159,046	738	784				
4	343	158,163	738	784				
5	343	156,766	738	784				
6	343	155,739	739	784				
0	344	158,772	739	785				
1	344	158,879	739	785				
2	344	159,022	736	785				
3	344	159,154	739	785				
4	344	158,879	739	785				
5	344	158,712	739	785				
6	344	158,748	739	785				
0	345	158,724	739	785				
1	345	158,807	739	785				
2	345	159,01	737	785				
3	345	159,142	739	785				
4	345	158,473	739	785				
5	345	158,581	739	785				
6	345	158,306	739	785				
0	346	158,342	740	785				
1	346	156,468	740	785				
2	346	155,906	737	785				
3	346	158,365	740	786				
4	346	159,368	739	786				
5	346	158,986	740	786				
6	346	158,784	740	786				
0	347	158,807	741	787				
1	347	158,175	741	787				
2	347	156,682	739	787				
3	347	157,745	742	787				
4	347	156,336	741	787				
5	347	156,98	742	788				
6	347	158,784	742	788				
0	348	157,602	742	787				
1	348	156,133	742	787				
2	348	155,942	739	787				
3	348	157,53	742	787				
4	348	158,461	741	788				
5	348	158,831	742	788				
6	348	158,796	742	788				
0	349	156,253	743	788				
1	349	155,68	743	788				
2	349	155,835	740	788				
3	349	157,828	743	789				
4	349	158,962	742	789				
5	349	158,807	743	789				
6	349	158,784	743	789				
0	350	158,831	743	789				
1	350	158,652	743	789				
2	350	158,819	741	789				
3	350	158,306	744	789				
4	350	156,587	743	789				
5	350	155,99	744	789				
6	350	157,518	744	790				
0	351	156,05	745	790				
1	351	156,36	745	791				
2	351	156,969	743	790				
3	351	158,939	745	791				
4	351	159,249	745	791				
5	351	158,819	745	791				
6	351	158,76	745	791				
0	352	158,867	745	791				
1	352	158,772	745	791				
2	352	158,986	744	791				
3	352	158,593	746	791				
4	352	156,766	745	791				
5	352	155,751	746	791				
6	352	156,42	746	792				
0	353	158,867	747	793				
1	353	158,748	747	793				
2	353	159,213	746	793				
3	353	158,903	748	793				
4	353	158,091	747	793				
5	353	156,694	748	793				
6	353	155,68	748	793				
0	354	157,697	748	793				
1	354	158,163	748	794				
2	354	159,32	746	794				
3	354	159,5	748	794				
4	354	159,189	748	794				
5	354	158,855	748	794				
6	354	158,7	748	794				
0	355	158,819	749	795				
1	355	158,712	749	795				
2	355	159,309	748	795				
3	355	159,404	749	795				
4	355	159,142	749	795				
5	355	158,879	749	795				
6	355	158,7	749	795				
0	356	158,843	750	796				
1	356	158,736	750	796				
2	356	159,321	749	796				
3	356	159,249	750	796				
4	356	159,022	750	796				
5	356	158,807	750	796				
6	356	158,7	750	796				
0	357	158,855	751	797				
1	357	158,712	751	797				
2	357	159,368	750	797				
3	357	159,464	751	797				
4	357	159,13	751	797				
5	357	158,915	751	797				
6	357	158,7	751	797				
0	358	156,229	753	798				
1	358	156,217	753	798				
2	358	157,112	752	798				
3	358	158,807	753	799				
4	358	159,297	753	799				
5	358	158,915	753	799				
6	358	158,7	753	799				
0	359	158,927	753	799				
1	359	158,748	753	799				
2	359	159,392	753	799				
3	359	159,452	753	799				
4	359	159,046	753	799				
5	359	158,939	753	799				
6	359	158,7	753	799				
